Workbook

Sheet Divider
A1: LM1117-ADJ output divider. Finding the best E96 resistor(s)
A4: Inputs | E4: R1 (ohm) | F4: R1<=limit? | G4: 100-200 range? | H4: Ideal R2 | I4: E96 below | J4: E96 above | K4: Chosen R2 | L4: Actual R2/R1 | M4: V_OUT eq (V) | N4: Err vs 3.3 | O4: V_OUT incl I_ADJ | P4: Err incl | Q4: Divider I (mA) | S4: |err| if R1 ok
A5: V_REF (V) | B5: 1.25 | C5: 7.5 p.5 typ | E5: 100 | F5: =IF(E5<=$B$13,"yes","NO") -> yes | G5: =IF(AND(E5>=100,E5<=200),"yes","no") -> yes | H5: =E5*$B$12 -> 164 | I5: =INDEX('E96'!$A$2:$A$98,MATCH(H5,'E96'!$A$2:$A$98,1)) -> 162 | J5: =INDEX('E96'!$A$2:$A$98,MATCH(H5,'E96'!$A$2:$A$98,1)+1) -> 165 | K5: =IF(H5-I5<=J5-H5,I5,J5) -> 165 | L5: =K5/E5 -> 1.65 | M5: =$B$5*(1+L5) -> 3.3125 | N5: =M5/$B$6-1 -> 0.0037878788 | O5: =M5+$B$8*K5 -> 3.3224 | P5: =O5/$B$6-1 -> 0.0067878788 | Q5: =$B$5/E5*1000 -> 12.5 | S5: =IF(F5="yes",ABS(N5),9) -> 0.0037878788
A6: V_OUT target (V) | B6: 3.3 | C6: Section 1 | E6: 102 | F6: =IF(E6<=$B$13,"yes","NO") -> yes | G6: =IF(AND(E6>=100,E6<=200),"yes","no") -> yes | H6: =E6*$B$12 -> 167.28 | I6: =INDEX('E96'!$A$2:$A$98,MATCH(H6,'E96'!$A$2:$A$98,1)) -> 165 | J6: =INDEX('E96'!$A$2:$A$98,MATCH(H6,'E96'!$A$2:$A$98,1)+1) -> 169 | K6: =IF(H6-I6<=J6-H6,I6,J6) -> 169 | L6: =K6/E6 -> 1.6568627 | M6: =$B$5*(1+L6) -> 3.3210784 | N6: =M6/$B$6-1 -> 0.0063874034 | O6: =M6+$B$8*K6 -> 3.3312184 | P6: =O6/$B$6-1 -> 0.0094601307 | Q6: =$B$5/E6*1000 -> 12.254902 | S6: =IF(F6="yes",ABS(N6),9) -> 0.0063874034
A7: Min load current max (A) | B7: 0.005 | C7: 7.5 p.6 ADJ, over temp | E7: 105 | F7: =IF(E7<=$B$13,"yes","NO") -> yes | G7: =IF(AND(E7>=100,E7<=200),"yes","no") -> yes | H7: =E7*$B$12 -> 172.2 | I7: =INDEX('E96'!$A$2:$A$98,MATCH(H7,'E96'!$A$2:$A$98,1)) -> 169 | J7: =INDEX('E96'!$A$2:$A$98,MATCH(H7,'E96'!$A$2:$A$98,1)+1) -> 174 | K7: =IF(H7-I7<=J7-H7,I7,J7) -> 174 | L7: =K7/E7 -> 1.6571429 | M7: =$B$5*(1+L7) -> 3.3214286 | N7: =M7/$B$6-1 -> 0.0064935065 | O7: =M7+$B$8*K7 -> 3.3318686 | P7: =O7/$B$6-1 -> 0.0096571429 | Q7: =$B$5/E7*1000 -> 11.904762 | S7: =IF(F7="yes",ABS(N7),9) -> 0.0064935065
A8: Adjust pin current typ (A) | B8: 6e-05 | C8: 7.5 p.6 typ | E8: 107 | F8: =IF(E8<=$B$13,"yes","NO") -> yes | G8: =IF(AND(E8>=100,E8<=200),"yes","no") -> yes | H8: =E8*$B$12 -> 175.48 | I8: =INDEX('E96'!$A$2:$A$98,MATCH(H8,'E96'!$A$2:$A$98,1)) -> 174 | J8: =INDEX('E96'!$A$2:$A$98,MATCH(H8,'E96'!$A$2:$A$98,1)+1) -> 178 | K8: =IF(H8-I8<=J8-H8,I8,J8) -> 174 | L8: =K8/E8 -> 1.6261682 | M8: =$B$5*(1+L8) -> 3.2827103 | N8: =M8/$B$6-1 -> -0.005239309 | O8: =M8+$B$8*K8 -> 3.2931503 | P8: =O8/$B$6-1 -> -0.0020756726 | Q8: =$B$5/E8*1000 -> 11.682243 | S8: =IF(F8="yes",ABS(N8),9) -> 0.005239309
A9: Adjust pin current max (A) | B9: 0.00012 | C9: 7.5 p.6 max | E9: 110 | F9: =IF(E9<=$B$13,"yes","NO") -> yes | G9: =IF(AND(E9>=100,E9<=200),"yes","no") -> yes | H9: =E9*$B$12 -> 180.4 | I9: =INDEX('E96'!$A$2:$A$98,MATCH(H9,'E96'!$A$2:$A$98,1)) -> 178 | J9: =INDEX('E96'!$A$2:$A$98,MATCH(H9,'E96'!$A$2:$A$98,1)+1) -> 182 | K9: =IF(H9-I9<=J9-H9,I9,J9) -> 182 | L9: =K9/E9 -> 1.6545455 | M9: =$B$5*(1+L9) -> 3.3181818 | N9: =M9/$B$6-1 -> 0.0055096419 | O9: =M9+$B$8*K9 -> 3.3291018 | P9: =O9/$B$6-1 -> 0.0088187328 | Q9: =$B$5/E9*1000 -> 11.363636 | S9: =IF(F9="yes",ABS(N9),9) -> 0.0055096419
E10: 113 | F10: =IF(E10<=$B$13,"yes","NO") -> yes | G10: =IF(AND(E10>=100,E10<=200),"yes","no") -> yes | H10: =E10*$B$12 -> 185.32 | I10: =INDEX('E96'!$A$2:$A$98,MATCH(H10,'E96'!$A$2:$A$98,1)) -> 182 | J10: =INDEX('E96'!$A$2:$A$98,MATCH(H10,'E96'!$A$2:$A$98,1)+1) -> 187 | K10: =IF(H10-I10<=J10-H10,I10,J10) -> 187 | L10: =K10/E10 -> 1.6548673 | M10: =$B$5*(1+L10) -> 3.3185841 | N10: =M10/$B$6-1 -> 0.0056315366 | O10: =M10+$B$8*K10 -> 3.3298041 | P10: =O10/$B$6-1 -> 0.0090315366 | Q10: =$B$5/E10*1000 -> 11.061947 | S10: =IF(F10="yes",ABS(N10),9) -> 0.0056315366
A11: Derived | E11: 115 | F11: =IF(E11<=$B$13,"yes","NO") -> yes | G11: =IF(AND(E11>=100,E11<=200),"yes","no") -> yes | H11: =E11*$B$12 -> 188.6 | I11: =INDEX('E96'!$A$2:$A$98,MATCH(H11,'E96'!$A$2:$A$98,1)) -> 187 | J11: =INDEX('E96'!$A$2:$A$98,MATCH(H11,'E96'!$A$2:$A$98,1)+1) -> 191 | K11: =IF(H11-I11<=J11-H11,I11,J11) -> 187 | L11: =K11/E11 -> 1.626087 | M11: =$B$5*(1+L11) -> 3.2826087 | N11: =M11/$B$6-1 -> -0.0052700922 | O11: =M11+$B$8*K11 -> 3.2938287 | P11: =O11/$B$6-1 -> -0.0018700922 | Q11: =$B$5/E11*1000 -> 10.869565 | S11: =IF(F11="yes",ABS(N11),9) -> 0.0052700922
A12: Target ratio R2/R1 = V_OUT/V_REF - 1 | B12: =B6/B5-1 -> 1.64 | E12: 118 | F12: =IF(E12<=$B$13,"yes","NO") -> yes | G12: =IF(AND(E12>=100,E12<=200),"yes","no") -> yes | H12: =E12*$B$12 -> 193.52 | I12: =INDEX('E96'!$A$2:$A$98,MATCH(H12,'E96'!$A$2:$A$98,1)) -> 191 | J12: =INDEX('E96'!$A$2:$A$98,MATCH(H12,'E96'!$A$2:$A$98,1)+1) -> 196 | K12: =IF(H12-I12<=J12-H12,I12,J12) -> 196 | L12: =K12/E12 -> 1.6610169 | M12: =$B$5*(1+L12) -> 3.3262712 | N12: =M12/$B$6-1 -> 0.0079609656 | O12: =M12+$B$8*K12 -> 3.3380312 | P12: =O12/$B$6-1 -> 0.011524602 | Q12: =$B$5/E12*1000 -> 10.59322 | S12: =IF(F12="yes",ABS(N12),9) -> 0.0079609656
A13: Largest allowed R1 = V_REF / I_min_load (ohm) | B13: =B5/B7 -> 250 | E13: 121 | F13: =IF(E13<=$B$13,"yes","NO") -> yes | G13: =IF(AND(E13>=100,E13<=200),"yes","no") -> yes | H13: =E13*$B$12 -> 198.44 | I13: =INDEX('E96'!$A$2:$A$98,MATCH(H13,'E96'!$A$2:$A$98,1)) -> 196 | J13: =INDEX('E96'!$A$2:$A$98,MATCH(H13,'E96'!$A$2:$A$98,1)+1) -> 200 | K13: =IF(H13-I13<=J13-H13,I13,J13) -> 200 | L13: =K13/E13 -> 1.6528926 | M13: =$B$5*(1+L13) -> 3.3161157 | N13: =M13/$B$6-1 -> 0.0048835462 | O13: =M13+$B$8*K13 -> 3.3281157 | P13: =O13/$B$6-1 -> 0.0085199098 | Q13: =$B$5/E13*1000 -> 10.330579 | S13: =IF(F13="yes",ABS(N13),9) -> 0.0048835462
E14: 124 | F14: =IF(E14<=$B$13,"yes","NO") -> yes | G14: =IF(AND(E14>=100,E14<=200),"yes","no") -> yes | H14: =E14*$B$12 -> 203.36 | I14: =INDEX('E96'!$A$2:$A$98,MATCH(H14,'E96'!$A$2:$A$98,1)) -> 200 | J14: =INDEX('E96'!$A$2:$A$98,MATCH(H14,'E96'!$A$2:$A$98,1)+1) -> 205 | K14: =IF(H14-I14<=J14-H14,I14,J14) -> 205 | L14: =K14/E14 -> 1.6532258 | M14: =$B$5*(1+L14) -> 3.3165323 | N14: =M14/$B$6-1 -> 0.0050097752 | O14: =M14+$B$8*K14 -> 3.3288323 | P14: =O14/$B$6-1 -> 0.0087370479 | Q14: =$B$5/E14*1000 -> 10.080645 | S14: =IF(F14="yes",ABS(N14),9) -> 0.0050097752
A15: Best pair | E15: 127 | F15: =IF(E15<=$B$13,"yes","NO") -> yes | G15: =IF(AND(E15>=100,E15<=200),"yes","no") -> yes | H15: =E15*$B$12 -> 208.28 | I15: =INDEX('E96'!$A$2:$A$98,MATCH(H15,'E96'!$A$2:$A$98,1)) -> 205 | J15: =INDEX('E96'!$A$2:$A$98,MATCH(H15,'E96'!$A$2:$A$98,1)+1) -> 210 | K15: =IF(H15-I15<=J15-H15,I15,J15) -> 210 | L15: =K15/E15 -> 1.6535433 | M15: =$B$5*(1+L15) -> 3.3169291 | N15: =M15/$B$6-1 -> 0.0051300406 | O15: =M15+$B$8*K15 -> 3.3295291 | P15: =O15/$B$6-1 -> 0.0089482224 | Q15: =$B$5/E15*1000 -> 9.8425197 | S15: =IF(F15="yes",ABS(N15),9) -> 0.0051300406
A16: R1 (ohm) | B16: =INDEX(E5:E43,MATCH(MIN(S5:S43),S5:S43,0)) -> 162 | E16: 130 | F16: =IF(E16<=$B$13,"yes","NO") -> yes | G16: =IF(AND(E16>=100,E16<=200),"yes","no") -> yes | H16: =E16*$B$12 -> 213.2 | I16: =INDEX('E96'!$A$2:$A$98,MATCH(H16,'E96'!$A$2:$A$98,1)) -> 210 | J16: =INDEX('E96'!$A$2:$A$98,MATCH(H16,'E96'!$A$2:$A$98,1)+1) -> 215 | K16: =IF(H16-I16<=J16-H16,I16,J16) -> 215 | L16: =K16/E16 -> 1.6538462 | M16: =$B$5*(1+L16) -> 3.3173077 | N16: =M16/$B$6-1 -> 0.0052447552 | O16: =M16+$B$8*K16 -> 3.3302077 | P16: =O16/$B$6-1 -> 0.0091538462 | Q16: =$B$5/E16*1000 -> 9.6153846 | S16: =IF(F16="yes",ABS(N16),9) -> 0.0052447552
A17: R2 (ohm) | B17: =INDEX(K5:K43,MATCH(MIN(S5:S43),S5:S43,0)) -> 267 | E17: 133 | F17: =IF(E17<=$B$13,"yes","NO") -> yes | G17: =IF(AND(E17>=100,E17<=200),"yes","no") -> yes | H17: =E17*$B$12 -> 218.12 | I17: =INDEX('E96'!$A$2:$A$98,MATCH(H17,'E96'!$A$2:$A$98,1)) -> 215 | J17: =INDEX('E96'!$A$2:$A$98,MATCH(H17,'E96'!$A$2:$A$98,1)+1) -> 221 | K17: =IF(H17-I17<=J17-H17,I17,J17) -> 221 | L17: =K17/E17 -> 1.6616541 | M17: =$B$5*(1+L17) -> 3.3270677 | N17: =M17/$B$6-1 -> 0.008202324 | O17: =M17+$B$8*K17 -> 3.3403277 | P17: =O17/$B$6-1 -> 0.012220506 | Q17: =$B$5/E17*1000 -> 9.3984962 | S17: =IF(F17="yes",ABS(N17),9) -> 0.008202324
A18: V_OUT (V) | B18: =$B$5*(1+B17/B16) -> 3.3101852 | E18: 137 | F18: =IF(E18<=$B$13,"yes","NO") -> yes | G18: =IF(AND(E18>=100,E18<=200),"yes","no") -> yes | H18: =E18*$B$12 -> 224.68 | I18: =INDEX('E96'!$A$2:$A$98,MATCH(H18,'E96'!$A$2:$A$98,1)) -> 221 | J18: =INDEX('E96'!$A$2:$A$98,MATCH(H18,'E96'!$A$2:$A$98,1)+1) -> 226 | K18: =IF(H18-I18<=J18-H18,I18,J18) -> 226 | L18: =K18/E18 -> 1.649635 | M18: =$B$5*(1+L18) -> 3.3120438 | N18: =M18/$B$6-1 -> 0.003649635 | O18: =M18+$B$8*K18 -> 3.3256038 | P18: =O18/$B$6-1 -> 0.0077587259 | Q18: =$B$5/E18*1000 -> 9.1240876 | S18: =IF(F18="yes",ABS(N18),9) -> 0.003649635
A19: Error vs 3.3V | B19: =B18/$B$6-1 -> 0.0030864198 | E19: 140 | F19: =IF(E19<=$B$13,"yes","NO") -> yes | G19: =IF(AND(E19>=100,E19<=200),"yes","no") -> yes | H19: =E19*$B$12 -> 229.6 | I19: =INDEX('E96'!$A$2:$A$98,MATCH(H19,'E96'!$A$2:$A$98,1)) -> 226 | J19: =INDEX('E96'!$A$2:$A$98,MATCH(H19,'E96'!$A$2:$A$98,1)+1) -> 232 | K19: =IF(H19-I19<=J19-H19,I19,J19) -> 232 | L19: =K19/E19 -> 1.6571429 | M19: =$B$5*(1+L19) -> 3.3214286 | N19: =M19/$B$6-1 -> 0.0064935065 | O19: =M19+$B$8*K19 -> 3.3353486 | P19: =O19/$B$6-1 -> 0.010711688 | Q19: =$B$5/E19*1000 -> 8.9285714 | S19: =IF(F19="yes",ABS(N19),9) -> 0.0064935065
E20: 143 | F20: =IF(E20<=$B$13,"yes","NO") -> yes | G20: =IF(AND(E20>=100,E20<=200),"yes","no") -> yes | H20: =E20*$B$12 -> 234.52 | I20: =INDEX('E96'!$A$2:$A$98,MATCH(H20,'E96'!$A$2:$A$98,1)) -> 232 | J20: =INDEX('E96'!$A$2:$A$98,MATCH(H20,'E96'!$A$2:$A$98,1)+1) -> 237 | K20: =IF(H20-I20<=J20-H20,I20,J20) -> 237 | L20: =K20/E20 -> 1.6573427 | M20: =$B$5*(1+L20) -> 3.3216783 | N20: =M20/$B$6-1 -> 0.0065691884 | O20: =M20+$B$8*K20 -> 3.3358983 | P20: =O20/$B$6-1 -> 0.010878279 | Q20: =$B$5/E20*1000 -> 8.7412587 | S20: =IF(F20="yes",ABS(N20),9) -> 0.0065691884
E21: 147 | F21: =IF(E21<=$B$13,"yes","NO") -> yes | G21: =IF(AND(E21>=100,E21<=200),"yes","no") -> yes | H21: =E21*$B$12 -> 241.08 | I21: =INDEX('E96'!$A$2:$A$98,MATCH(H21,'E96'!$A$2:$A$98,1)) -> 237 | J21: =INDEX('E96'!$A$2:$A$98,MATCH(H21,'E96'!$A$2:$A$98,1)+1) -> 243 | K21: =IF(H21-I21<=J21-H21,I21,J21) -> 243 | L21: =K21/E21 -> 1.6530612 | M21: =$B$5*(1+L21) -> 3.3163265 | N21: =M21/$B$6-1 -> 0.0049474335 | O21: =M21+$B$8*K21 -> 3.3309065 | P21: =O21/$B$6-1 -> 0.0093656153 | Q21: =$B$5/E21*1000 -> 8.5034014 | S21: =IF(F21="yes",ABS(N21),9) -> 0.0049474335
E22: 150 | F22: =IF(E22<=$B$13,"yes","NO") -> yes | G22: =IF(AND(E22>=100,E22<=200),"yes","no") -> yes | H22: =E22*$B$12 -> 246 | I22: =INDEX('E96'!$A$2:$A$98,MATCH(H22,'E96'!$A$2:$A$98,1)) -> 243 | J22: =INDEX('E96'!$A$2:$A$98,MATCH(H22,'E96'!$A$2:$A$98,1)+1) -> 249 | K22: =IF(H22-I22<=J22-H22,I22,J22) -> 243 | L22: =K22/E22 -> 1.62 | M22: =$B$5*(1+L22) -> 3.275 | N22: =M22/$B$6-1 -> -0.0075757576 | O22: =M22+$B$8*K22 -> 3.28958 | P22: =O22/$B$6-1 -> -0.0031575758 | Q22: =$B$5/E22*1000 -> 8.3333333 | S22: =IF(F22="yes",ABS(N22),9) -> 0.0075757576
E23: 154 | F23: =IF(E23<=$B$13,"yes","NO") -> yes | G23: =IF(AND(E23>=100,E23<=200),"yes","no") -> yes | H23: =E23*$B$12 -> 252.56 | I23: =INDEX('E96'!$A$2:$A$98,MATCH(H23,'E96'!$A$2:$A$98,1)) -> 249 | J23: =INDEX('E96'!$A$2:$A$98,MATCH(H23,'E96'!$A$2:$A$98,1)+1) -> 255 | K23: =IF(H23-I23<=J23-H23,I23,J23) -> 255 | L23: =K23/E23 -> 1.6558442 | M23: =$B$5*(1+L23) -> 3.3198052 | N23: =M23/$B$6-1 -> 0.0060015742 | O23: =M23+$B$8*K23 -> 3.3351052 | P23: =O23/$B$6-1 -> 0.010637938 | Q23: =$B$5/E23*1000 -> 8.1168831 | S23: =IF(F23="yes",ABS(N23),9) -> 0.0060015742
E24: 158 | F24: =IF(E24<=$B$13,"yes","NO") -> yes | G24: =IF(AND(E24>=100,E24<=200),"yes","no") -> yes | H24: =E24*$B$12 -> 259.12 | I24: =INDEX('E96'!$A$2:$A$98,MATCH(H24,'E96'!$A$2:$A$98,1)) -> 255 | J24: =INDEX('E96'!$A$2:$A$98,MATCH(H24,'E96'!$A$2:$A$98,1)+1) -> 261 | K24: =IF(H24-I24<=J24-H24,I24,J24) -> 261 | L24: =K24/E24 -> 1.6518987 | M24: =$B$5*(1+L24) -> 3.3148734 | N24: =M24/$B$6-1 -> 0.0045070963 | O24: =M24+$B$8*K24 -> 3.3305334 | P24: =O24/$B$6-1 -> 0.0092525508 | Q24: =$B$5/E24*1000 -> 7.9113924 | S24: =IF(F24="yes",ABS(N24),9) -> 0.0045070963
E25: 162 | F25: =IF(E25<=$B$13,"yes","NO") -> yes | G25: =IF(AND(E25>=100,E25<=200),"yes","no") -> yes | H25: =E25*$B$12 -> 265.68 | I25: =INDEX('E96'!$A$2:$A$98,MATCH(H25,'E96'!$A$2:$A$98,1)) -> 261 | J25: =INDEX('E96'!$A$2:$A$98,MATCH(H25,'E96'!$A$2:$A$98,1)+1) -> 267 | K25: =IF(H25-I25<=J25-H25,I25,J25) -> 267 | L25: =K25/E25 -> 1.6481481 | M25: =$B$5*(1+L25) -> 3.3101852 | N25: =M25/$B$6-1 -> 0.0030864198 | O25: =M25+$B$8*K25 -> 3.3262052 | P25: =O25/$B$6-1 -> 0.0079409652 | Q25: =$B$5/E25*1000 -> 7.7160494 | S25: =IF(F25="yes",ABS(N25),9) -> 0.0030864198
E26: 165 | F26: =IF(E26<=$B$13,"yes","NO") -> yes | G26: =IF(AND(E26>=100,E26<=200),"yes","no") -> yes | H26: =E26*$B$12 -> 270.6 | I26: =INDEX('E96'!$A$2:$A$98,MATCH(H26,'E96'!$A$2:$A$98,1)) -> 267 | J26: =INDEX('E96'!$A$2:$A$98,MATCH(H26,'E96'!$A$2:$A$98,1)+1) -> 274 | K26: =IF(H26-I26<=J26-H26,I26,J26) -> 274 | L26: =K26/E26 -> 1.6606061 | M26: =$B$5*(1+L26) -> 3.3257576 | N26: =M26/$B$6-1 -> 0.007805326 | O26: =M26+$B$8*K26 -> 3.3421976 | P26: =O26/$B$6-1 -> 0.012787144 | Q26: =$B$5/E26*1000 -> 7.5757576 | S26: =IF(F26="yes",ABS(N26),9) -> 0.007805326
E27: 169 | F27: =IF(E27<=$B$13,"yes","NO") -> yes | G27: =IF(AND(E27>=100,E27<=200),"yes","no") -> yes | H27: =E27*$B$12 -> 277.16 | I27: =INDEX('E96'!$A$2:$A$98,MATCH(H27,'E96'!$A$2:$A$98,1)) -> 274 | J27: =INDEX('E96'!$A$2:$A$98,MATCH(H27,'E96'!$A$2:$A$98,1)+1) -> 280 | K27: =IF(H27-I27<=J27-H27,I27,J27) -> 280 | L27: =K27/E27 -> 1.6568047 | M27: =$B$5*(1+L27) -> 3.3210059 | N27: =M27/$B$6-1 -> 0.0063654294 | O27: =M27+$B$8*K27 -> 3.3378059 | P27: =O27/$B$6-1 -> 0.011456339 | Q27: =$B$5/E27*1000 -> 7.3964497 | S27: =IF(F27="yes",ABS(N27),9) -> 0.0063654294
E28: 174 | F28: =IF(E28<=$B$13,"yes","NO") -> yes | G28: =IF(AND(E28>=100,E28<=200),"yes","no") -> yes | H28: =E28*$B$12 -> 285.36 | I28: =INDEX('E96'!$A$2:$A$98,MATCH(H28,'E96'!$A$2:$A$98,1)) -> 280 | J28: =INDEX('E96'!$A$2:$A$98,MATCH(H28,'E96'!$A$2:$A$98,1)+1) -> 287 | K28: =IF(H28-I28<=J28-H28,I28,J28) -> 287 | L28: =K28/E28 -> 1.6494253 | M28: =$B$5*(1+L28) -> 3.3117816 | N28: =M28/$B$6-1 -> 0.0035701846 | O28: =M28+$B$8*K28 -> 3.3290016 | P28: =O28/$B$6-1 -> 0.0087883664 | Q28: =$B$5/E28*1000 -> 7.183908 | S28: =IF(F28="yes",ABS(N28),9) -> 0.0035701846
E29: 178 | F29: =IF(E29<=$B$13,"yes","NO") -> yes | G29: =IF(AND(E29>=100,E29<=200),"yes","no") -> yes | H29: =E29*$B$12 -> 291.92 | I29: =INDEX('E96'!$A$2:$A$98,MATCH(H29,'E96'!$A$2:$A$98,1)) -> 287 | J29: =INDEX('E96'!$A$2:$A$98,MATCH(H29,'E96'!$A$2:$A$98,1)+1) -> 294 | K29: =IF(H29-I29<=J29-H29,I29,J29) -> 294 | L29: =K29/E29 -> 1.6516854 | M29: =$B$5*(1+L29) -> 3.3146067 | N29: =M29/$B$6-1 -> 0.0044262853 | O29: =M29+$B$8*K29 -> 3.3322467 | P29: =O29/$B$6-1 -> 0.0097717399 | Q29: =$B$5/E29*1000 -> 7.0224719 | S29: =IF(F29="yes",ABS(N29),9) -> 0.0044262853
E30: 182 | F30: =IF(E30<=$B$13,"yes","NO") -> yes | G30: =IF(AND(E30>=100,E30<=200),"yes","no") -> yes | H30: =E30*$B$12 -> 298.48 | I30: =INDEX('E96'!$A$2:$A$98,MATCH(H30,'E96'!$A$2:$A$98,1)) -> 294 | J30: =INDEX('E96'!$A$2:$A$98,MATCH(H30,'E96'!$A$2:$A$98,1)+1) -> 301 | K30: =IF(H30-I30<=J30-H30,I30,J30) -> 301 | L30: =K30/E30 -> 1.6538462 | M30: =$B$5*(1+L30) -> 3.3173077 | N30: =M30/$B$6-1 -> 0.0052447552 | O30: =M30+$B$8*K30 -> 3.3353677 | P30: =O30/$B$6-1 -> 0.010717483 | Q30: =$B$5/E30*1000 -> 6.8681319 | S30: =IF(F30="yes",ABS(N30),9) -> 0.0052447552
E31: 187 | F31: =IF(E31<=$B$13,"yes","NO") -> yes | G31: =IF(AND(E31>=100,E31<=200),"yes","no") -> yes | H31: =E31*$B$12 -> 306.68 | I31: =INDEX('E96'!$A$2:$A$98,MATCH(H31,'E96'!$A$2:$A$98,1)) -> 301 | J31: =INDEX('E96'!$A$2:$A$98,MATCH(H31,'E96'!$A$2:$A$98,1)+1) -> 309 | K31: =IF(H31-I31<=J31-H31,I31,J31) -> 309 | L31: =K31/E31 -> 1.6524064 | M31: =$B$5*(1+L31) -> 3.315508 | N31: =M31/$B$6-1 -> 0.0046994004 | O31: =M31+$B$8*K31 -> 3.334048 | P31: =O31/$B$6-1 -> 0.010317582 | Q31: =$B$5/E31*1000 -> 6.684492 | S31: =IF(F31="yes",ABS(N31),9) -> 0.0046994004
... E43: 249 | F43: =IF(E43<=$B$13,"yes","NO") -> yes | G43: =IF(AND(E43>=100,E43<=200),"yes","no") -> no | H43: =E43*$B$12 -> 408.36 | I43: =INDEX('E96'!$A$2:$A$98,MATCH(H43,'E96'!$A$2:$A$98,1)) -> 402 | J43: =INDEX('E96'!$A$2:$A$98,MATCH(H43,'E96'!$A$2:$A$98,1)+1) -> 412 | K43: =IF(H43-I43<=J43-H43,I43,J43) -> 412 | L43: =K43/E43 -> 1.6546185 | M43: =$B$5*(1+L43) -> 3.3182731 | N43: =M43/$B$6-1 -> 0.0055373007 | O43: =M43+$B$8*K43 -> 3.3429931 | P43: =O43/$B$6-1 -> 0.01302821 | Q43: =$B$5/E43*1000 -> 5.0200803 | S43: =IF(F43="yes",ABS(N43),9) -> 0.0055373007

Sheet E96
A1: E96 value (ohm)
A2: 100
A3: 102
A4: 105
A5: 107
A6: 110
A7: 113
A8: 115
A9: 118
A10: 121
A11: 124
A12: 127
A13: 130
... A98: 1000
